{
  "version": 1,
  "author": "Anonymous maker",
  "editor": "wokwi",
  "parts": [
    { "type": "wokwi-arduino-uno", "id": "uno", "top": -57, "left": -115.8, "attrs": {} },
    { "type": "wokwi-lcd1602", "id": "lcd2", "top": -82.97, "left": 332.8, "attrs": {} },
    {
      "type": "wokwi-pushbutton",
      "id": "btn1",
      "top": 217.4,
      "left": 201.6,
      "attrs": { "color": "green" }
    }
  ],
  "connections": [
    [ "lcd2:VSS", "uno:GND.3", "green", [ "v105.6", "h-307.2" ] ],
    [ "lcd2:RS", "uno:12", "green", [ "v38.4", "h-95.7", "v-192", "h-278.4" ] ],
    [ "lcd2:RW", "uno:GND.3", "green", [ "v105.6", "h-38.5" ] ],
    [ "lcd2:E", "uno:11", "green", [ "v48", "h-124.8", "v-192", "h-259.2" ] ],
    [ "lcd2:D4", "uno:5", "green", [ "v57.6", "h-182.4", "v-192", "h-182.4" ] ],
    [ "lcd2:D5", "uno:4", "green", [ "v67.2", "h-201.5", "v-192", "h-163.2" ] ],
    [ "lcd2:D6", "uno:3", "green", [ "v76.8", "h-220.6", "v-192", "h-153.6" ] ],
    [ "lcd2:D7", "uno:2", "green", [ "v86.4", "h-239.7", "v-192", "h-124.8" ] ],
    [ "lcd2:A", "uno:5V", "green", [ "v115.2", "h-451.3" ] ],
    [ "lcd2:K", "uno:GND.2", "green", [ "v105.6", "h-441.6" ] ],
    [ "lcd2:VDD", "btn1:1.r", "green", [ "v0" ] ],
    [ "btn1:2.r", "uno:5V", "green", [ "h29", "v29", "h-240" ] ]
  ],
  "dependencies": {}
}