{
  "version": 1,
  "author": "Anonymous maker",
  "editor": "wokwi",
  "parts": [
    { "type": "wokwi-breadboard-half", "id": "bb1", "top": -377.4, "left": 12.4, "attrs": {} },
    { "type": "wokwi-arduino-uno", "id": "uno", "top": -57, "left": -115.8, "attrs": {} },
    {
      "type": "wokwi-lcd1602",
      "id": "lcd1",
      "top": -12.8,
      "left": 351.2,
      "attrs": { "pins": "i2c" }
    },
    {
      "type": "wokwi-pushbutton",
      "id": "btn1",
      "top": -317.4,
      "left": 252.6,
      "rotate": 90,
      "attrs": { "color": "green" }
    },
    { "type": "wokwi-slide-switch", "id": "sw1", "top": -293.2, "left": 195.1, "attrs": {} },
    {
      "type": "wokwi-resistor",
      "id": "r1",
      "top": -216,
      "left": 268.25,
      "rotate": 90,
      "attrs": { "value": "10000" }
    },
    { "type": "wokwi-pir-motion-sensor", "id": "pir1", "top": -418.4, "left": 11.82, "attrs": {} },
    {
      "type": "wokwi-led",
      "id": "led1",
      "top": -368.4,
      "left": 99.8,
      "attrs": { "color": "green" }
    },
    {
      "type": "wokwi-led",
      "id": "led3",
      "top": -368.4,
      "left": 138.2,
      "attrs": { "color": "red" }
    },
    {
      "type": "wokwi-resistor",
      "id": "r2",
      "top": -273.6,
      "left": 95.45,
      "rotate": 90,
      "attrs": { "value": "1000" }
    },
    {
      "type": "wokwi-resistor",
      "id": "r3",
      "top": -273.6,
      "left": 133.85,
      "rotate": 90,
      "attrs": { "value": "1000" }
    }
  ],
  "connections": [
    [ "lcd1:SDA", "uno:A4", "magenta", [ "h-124.8", "v173", "h-96" ] ],
    [ "lcd1:SCL", "uno:A5", "limegreen", [ "h-115.2", "v173.1", "h-96" ] ],
    [ "uno:GND.1", "bb1:bn.1", "black", [ "v0" ] ],
    [ "lcd1:GND", "bb1:bn.15", "black", [ "h0" ] ],
    [ "uno:9", "bb1:28b.g", "yellow", [ "v-67.2", "h317.6", "v-115.2" ] ],
    [ "bb1:26b.h", "uno:5V", "red", [ "v460.8", "h-201.6" ] ],
    [ "uno:3.3V", "lcd1:VCC", "purple", [ "v105.5", "h253.8", "v-211.2" ] ],
    [ "uno:8", "bb1:3t.c", "cyan", [ "v0" ] ],
    [ "bb1:bp.1", "bb1:2t.d", "red", [ "v0" ] ],
    [ "bb1:bn.3", "bb1:4t.e", "black", [ "v0" ] ],
    [ "bb1:bn.10", "bb1:13t.b", "black", [ "v0" ] ],
    [ "bb1:bn.7", "bb1:9t.b", "black", [ "v0" ] ],
    [ "r1:1", "bb1:28b.h", "", [ "$bb" ] ],
    [ "r1:2", "bb1:bn.23", "", [ "$bb" ] ],
    [ "pir1:VCC", "bb1:2t.a", "", [ "$bb" ] ],
    [ "pir1:OUT", "bb1:3t.a", "", [ "$bb" ] ],
    [ "pir1:GND", "bb1:4t.a", "", [ "$bb" ] ],
    [ "r3:1", "bb1:14t.d", "", [ "$bb" ] ],
    [ "r3:2", "bb1:14b.h", "", [ "$bb" ] ],
    [ "r2:1", "bb1:10t.d", "", [ "$bb" ] ],
    [ "r2:2", "bb1:10b.h", "", [ "$bb" ] ],
    [ "uno:13", "bb1:10b.j", "gray", [ "v-115.2", "h115.6" ] ],
    [ "uno:11", "bb1:14b.j", "gray", [ "v-105.6", "h135", "v-67.2" ] ],
    [ "sw1:1", "bb1:18b.f", "", [ "$bb" ] ],
    [ "sw1:2", "bb1:19b.f", "", [ "$bb" ] ],
    [ "sw1:3", "bb1:20b.f", "", [ "$bb" ] ],
    [ "lcd1:VCC", "bb1:19b.i", "red", [ "h0" ] ],
    [ "uno:8", "bb1:20b.i", "cyan", [ "v-86.4", "h163.6" ] ],
    [ "btn1:1.l", "bb1:28t.a", "", [ "$bb" ] ],
    [ "btn1:2.l", "bb1:26t.a", "", [ "$bb" ] ],
    [ "btn1:1.r", "bb1:28b.f", "", [ "$bb" ] ],
    [ "btn1:2.r", "bb1:26b.f", "", [ "$bb" ] ],
    [ "led1:A", "bb1:10t.a", "", [ "$bb" ] ],
    [ "led1:C", "bb1:9t.a", "", [ "$bb" ] ],
    [ "led3:A", "bb1:14t.a", "", [ "$bb" ] ],
    [ "led3:C", "bb1:13t.a", "", [ "$bb" ] ]
  ],
  "dependencies": {}
}