{
  "version": 1,
  "author": "Anonymous maker",
  "editor": "wokwi",
  "parts": [
    { "type": "wokwi-arduino-uno", "id": "uno", "top": 39, "left": -106.2, "attrs": {} },
    {
      "type": "wokwi-lcd1602",
      "id": "lcd1",
      "top": 25.6,
      "left": 341.6,
      "attrs": { "pins": "i2c" }
    },
    {
      "type": "wokwi-pushbutton",
      "id": "btn1",
      "top": -41.8,
      "left": 249.6,
      "attrs": { "color": "green" }
    }
  ],
  "connections": [
    [ "lcd1:GND", "uno:GND.1", "black", [ "h-144", "v-67.2", "h-182.4" ] ],
    [ "lcd1:SDA", "uno:A4", "green", [ "h-134.4", "v173", "h-67.2" ] ],
    [ "lcd1:SCL", "uno:A5", "green", [ "h-124.8", "v173.1", "h-71.5" ] ],
    [ "uno:7", "btn1:1.l", "green", [ "v-76.8", "h3.6" ] ],
    [ "btn1:2.l", "lcd1:VCC", "green", [ "h-19.2", "v77" ] ]
  ],
  "dependencies": {}
}