{
  "version": 1,
  "author": "Anonymous maker",
  "editor": "wokwi",
  "parts": [
    { "type": "wokwi-arduino-uno", "id": "uno", "top": -57, "left": -115.8, "attrs": {} },
    {
      "type": "wokwi-lcd2004",
      "id": "lcd1",
      "top": -252.8,
      "left": 303.2,
      "attrs": { "pins": "i2c" }
    }
  ],
  "connections": [
    [ "lcd1:VCC", "uno:5V", "red", [ "h-134.4", "v374.5", "h-124.8" ] ],
    [ "lcd1:GND", "uno:GND.1", "black", [ "h0" ] ],
    [ "lcd1:SCL", "uno:A5.2", "green", [ "h0" ] ],
    [ "lcd1:SDA", "uno:A4.2", "green", [ "h0" ] ]
  ],
  "dependencies": {}
}